id;nome;cognome;data_nascita;email;citta;eta;telefono
1;Ergonomic omogenea Analyst;espansa Rubber;2023-04-20;Fabio.Gatto@yahoo.it;Borders transmitting;36752;Franc Games metriche
2;discreta Sleek;FTP salmon;2023-04-19;Eufrasia.Pennestr@yahoo.it;Help-desk;41536;Wooden
3;Gorgeous Account Baby;withdrawal Via;2023-04-19;Sandro_Buccheri18@gmail.com;Bedfordshire;96959;contenuti Metal Savings
4;Baby;optical;2023-04-20;Sinesio_Memoli71@email.it;neural;54170;Shirt sinergizzate
5;Handmade monetizzate;Array Moldovan;2023-04-20;Delinda.Sammartano67@email.it;Incrocio visionaria;44148;exploit Personal spedizioni
6;Buckinghamshire array Bhutan;Vercelli;2023-04-20;Marinetta_Granato59@gmail.com;Cambridgeshire Generic;99028;Soft transizionali Metal
7;Small relazioni redundant;Bacon Contrada Tactics;2023-04-20;Sidonia_Rigoni35@gmail.com;synthesize Salvador;93567;Credit Congo Borders
8;Infrastructure Checking;Piazza;2023-04-20;Ivo.Garau@hotmail.com;Liaison Borders;80427;contesto ottimizzata 1080p
9;aggiunto;Designer decentralizzata;2023-04-19;Vezio.Giannotti0@hotmail.com;sicura Account District;53239;indexing
10;Practical contenuti;Peru;2023-04-20;Lorena53@yahoo.it;Incrocio out-of-the-box;1917;obbligatoria
